Id,Name,Channle,Episode,Air_time,Air_date,Family_rating
28771_1,絕對零度之防犯未然2,富士電視台,1,21:00,2020-01-06,0.106
28771_1,絕對零度之防犯未然2,富士電視台,2,21:00,2020-01-13,0.107
28771_1,絕對零度之防犯未然2,富士電視台,3,21:00,2020-01-20,0.086
28771_1,絕對零度之防犯未然2,富士電視台,4,21:00,2020-01-27,0.098
28771_1,絕對零度之防犯未然2,富士電視台,5,21:00,2020-02-03,0.106
28771_1,絕對零度之防犯未然2,富士電視台,6,21:00,2020-02-10,0.092
28771_1,絕對零度之防犯未然2,富士電視台,7,21:00,2020-02-17,0.097
28771_1,絕對零度之防犯未然2,富士電視台,8,21:00,2020-02-24,0.095
28771_1,絕對零度之防犯未然2,富士電視台,9,21:00,2020-03-02,0.1
28771_1,絕對零度之防犯未然2,富士電視台,10,21:00,2020-03-09,0.106
28771_1,絕對零度之防犯未然2,富士電視台,完結篇,21:00,2020-03-16,0.097
29315_1,治療醫院的方法,東京電視台,1,22:00,2020-01-20,0.081
29315_1,治療醫院的方法,東京電視台,2,22:00,2020-01-27,0.07
29315_1,治療醫院的方法,東京電視台,3,22:00,2020-02-03,0.071
29315_1,治療醫院的方法,東京電視台,4,22:00,2020-02-10,0.057
29315_1,治療醫院的方法,東京電視台,5,22:00,2020-02-17,0.062
29315_1,治療醫院的方法,東京電視台,6,22:00,2020-02-24,0.063
29315_1,治療醫院的方法,東京電視台,完結篇,22:00,2020-03-02,0.064
29313_1,10的秘密,富士電視台,1,21:00,2020-01-14,0.089
29313_1,10的秘密,富士電視台,2,21:00,2020-01-21,0.079
29313_1,10的秘密,富士電視台,3,21:00,2020-01-28,0.067
29313_1,10的秘密,富士電視台,4,21:00,2020-02-04,0.062
29313_1,10的秘密,富士電視台,5,21:00,2020-02-11,0.054
29313_1,10的秘密,富士電視台,6,21:00,2020-02-18,0.064
29313_1,10的秘密,富士電視台,7,21:00,2020-02-25,0.06
29313_1,10的秘密,富士電視台,8,21:00,2020-03-03,0.064
29313_1,10的秘密,富士電視台,9,21:00,2020-03-10,0.069
29313_1,10的秘密,富士電視台,完結篇,21:00,2020-03-17,0.081
29000_1,戀愛可以持續到天長地久,TBS,1,22:00,2020-01-14,0.099
29000_1,戀愛可以持續到天長地久,TBS,2,22:00,2020-01-21,0.105
29000_1,戀愛可以持續到天長地久,TBS,3,22:00,2020-01-28,0.102
29000_1,戀愛可以持續到天長地久,TBS,4,22:00,2020-02-04,0.106
29000_1,戀愛可以持續到天長地久,TBS,5,22:00,2020-02-11,0.096
29000_1,戀愛可以持續到天長地久,TBS,6,22:00,2020-02-18,0.109
29000_1,戀愛可以持續到天長地久,TBS,7,22:00,2020-02-25,0.119
29000_1,戀愛可以持續到天長地久,TBS,8,22:00,2020-03-03,0.121
29000_1,戀愛可以持續到天長地久,TBS,9,22:00,2020-03-10,0.147
29000_1,戀愛可以持續到天長地久,TBS,完結篇,22:00,2020-03-17,0.154
29000_2,戀愛可以持續到天長地久,TBS,1,22:00,2020-04-14,0.106
29000_2,戀愛可以持續到天長地久,TBS,2,22:00,2020-04-21,0.083
29000_2,戀愛可以持續到天長地久,TBS,3,22:00,2020-04-28,0.102
29000_2,戀愛可以持續到天長地久,TBS,4,22:00,2020-05-05,0.092
27644_1,相棒season18,朝日電視台,1,21:00,2019-10-09,0.167
27644_1,相棒season18,朝日電視台,2,21:00,2019-10-16,0.154
27644_1,相棒season18,朝日電視台,3,21:00,2019-10-23,0.119
27644_1,相棒season18,朝日電視台,4,21:00,2019-10-30,0.157
27644_1,相棒season18,朝日電視台,5,21:00,2019-11-06,0.143
27644_1,相棒season18,朝日電視台,6,21:00,2019-11-20,0.152
27644_1,相棒season18,朝日電視台,7,21:00,2019-11-27,0.15
27644_1,相棒season18,朝日電視台,8,21:00,2019-12-04,0.133
27644_1,相棒season18,朝日電視台,9,21:00,2019-12-11,0.14
27644_1,相棒season18,朝日電視台,10,21:00,2019-12-18,0.146
27644_1,相棒season18,朝日電視台,11-特,21:00,2020-01-01,0.167
27644_1,相棒season18,朝日電視台,12,21:00,2020-01-15,0.145
27644_1,相棒season18,朝日電視台,13,21:00,2020-01-22,0.162
27644_1,相棒season18,朝日電視台,14,21:00,2020-01-29,0.14
27644_1,相棒season18,朝日電視台,15,21:00,2020-02-05,0.118
27644_1,相棒season18,朝日電視台,16,21:00,2020-02-19,0.139
27644_1,相棒season18,朝日電視台,17,21:00,2020-02-26,0.141
27644_1,相棒season18,朝日電視台,18,21:00,2020-03-04,0.164
27644_1,相棒season18,朝日電視台,19,21:00,2020-03-11,0.159
27644_1,相棒season18,朝日電視台,完結篇,21:00,2020-03-18,0.138
29455_1,不知道就好的事,日本電視台,1,22:00,2020-01-08,0.094
29455_1,不知道就好的事,日本電視台,2,22:00,2020-01-15,0.089
29455_1,不知道就好的事,日本電視台,3,22:00,2020-01-22,0.103
29455_1,不知道就好的事,日本電視台,4,22:00,2020-01-29,0.091
29455_1,不知道就好的事,日本電視台,5,22:00,2020-02-05,0.087
29455_1,不知道就好的事,日本電視台,6,22:00,2020-02-12,0.084
29455_1,不知道就好的事,日本電視台,7,22:00,2020-02-19,0.095
29455_1,不知道就好的事,日本電視台,8,22:00,2020-02-26,0.098
29455_1,不知道就好的事,日本電視台,9,22:00,2020-03-04,0.101
29455_1,不知道就好的事,日本電視台,完結篇,22:00,2020-03-11,0.106
25084_1,法醫女神探19,朝日電視台,1,20:00,2019-04-18,0.137
25084_1,法醫女神探19,朝日電視台,2,20:00,2019-04-25,0.123
25084_1,法醫女神探19,朝日電視台,3,20:00,2019-05-02,0.141
25084_1,法醫女神探19,朝日電視台,4,20:00,2019-05-09,0.135
25084_1,法醫女神探19,朝日電視台,5,20:00,2019-05-16,0.096
25084_1,法醫女神探19,朝日電視台,6,20:00,2019-05-23,0.122
25084_1,法醫女神探19,朝日電視台,7,20:00,2019-05-30,0.124
25084_1,法醫女神探19,朝日電視台,8,20:00,2019-06-06,0.121
25084_1,法醫女神探19,朝日電視台,9,20:00,2019-07-11,0.121
25084_1,法醫女神探19,朝日電視台,10,20:00,2019-07-18,0.102
25084_1,法醫女神探19,朝日電視台,11,20:00,2019-08-01,0.115
25084_1,法醫女神探19,朝日電視台,12,20:00,2019-08-08,0.104
25084_1,法醫女神探19,朝日電視台,13,20:00,2019-08-15,0.098
25084_1,法醫女神探19,朝日電視台,14,20:00,2019-08-22,0.108
25084_1,法醫女神探19,朝日電視台,15,20:00,2019-08-29,0.11
25084_1,法醫女神探19,朝日電視台,16,20:00,2019-09-05,0.115
25084_1,法醫女神探19,朝日電視台,17,20:00,2019-10-17,0.124
25084_1,法醫女神探19,朝日電視台,18,20:00,2019-10-24,0.13
25084_1,法醫女神探19,朝日電視台,19,20:00,2019-11-07,0.124
25084_1,法醫女神探19,朝日電視台,20,20:00,2019-11-14,0.107
25084_1,法醫女神探19,朝日電視台,21,20:00,2019-11-21,0.119
25084_1,法醫女神探19,朝日電視台,22,20:00,2019-11-28,0.116
25084_1,法醫女神探19,朝日電視台,23,20:00,2019-12-05,0.122
25084_1,法醫女神探19,朝日電視台,24,20:00,2019-12-12,0.112
25084_1,法醫女神探19,朝日電視台,25,20:00,2019-12-19,0.126
25084_1,法醫女神探19,朝日電視台,26,20:00,2020-01-16,0.101
25084_1,法醫女神探19,朝日電視台,27,20:00,2020-01-23,0.11
25084_1,法醫女神探19,朝日電視台,28,20:00,2020-01-30,0.101
25084_1,法醫女神探19,朝日電視台,29,20:00,2020-02-06,0.114
25084_1,法醫女神探19,朝日電視台,30,20:00,2020-02-13,0.111
25084_1,法醫女神探19,朝日電視台,31,20:00,2020-02-20,0.108
25084_1,法醫女神探19,朝日電視台,32,20:00,2020-02-27,0.111
25084_1,法醫女神探19,朝日電視台,33,20:00,2020-03-12,0.117
25084_1,法醫女神探19,朝日電視台,完結篇,20:00,2020-03-19,0.125
29489_1,刑事和檢事,朝日電視台,1,21:00,2020-01-16,0.12
29489_1,刑事和檢事,朝日電視台,2,21:00,2020-01-23,0.097
29489_1,刑事和檢事,朝日電視台,3,21:00,2020-01-30,0.103
29489_1,刑事和檢事,朝日電視台,4,21:00,2020-02-06,0.083
29489_1,刑事和檢事,朝日電視台,5,21:00,2020-02-13,0.093
29489_1,刑事和檢事,朝日電視台,6,21:00,2020-02-20,0.099
29489_1,刑事和檢事,朝日電視台,7,21:00,2020-02-27,0.097
29489_1,刑事和檢事,朝日電視台,8,21:00,2020-03-05,0.094
29489_1,刑事和檢事,朝日電視台,完結篇,21:00,2020-03-12,0.099
28963_1,ALIVE,富士電視台,1,22:00,2020-01-09,0.084
28963_1,ALIVE,富士電視台,2,22:00,2020-01-16,0.077
28963_1,ALIVE,富士電視台,3,22:00,2020-01-23,0.084
28963_1,ALIVE,富士電視台,4,22:00,2020-01-30,0.061
28963_1,ALIVE,富士電視台,5,22:00,2020-02-06,0.072
28963_1,ALIVE,富士電視台,6,22:00,2020-02-13,0.074
28963_1,ALIVE,富士電視台,7,22:00,2020-02-20,0.06
28963_1,ALIVE,富士電視台,8,22:00,2020-02-27,0.057
28963_1,ALIVE,富士電視台,9,22:00,2020-03-05,0.064
28963_1,ALIVE,富士電視台,10,22:00,2020-03-12,0.069
28963_1,ALIVE,富士電視台,完結篇,22:00,2020-03-19,0.07
28865_1,駐在刑事 第二季,東京電視台,1,20:00,2020-01-24,0.086
28865_1,駐在刑事 第二季,東京電視台,2,20:00,2020-01-31,0.076
28865_1,駐在刑事 第二季,東京電視台,3,20:00,2020-02-07,0.068
28865_1,駐在刑事 第二季,東京電視台,4,20:00,2020-02-14,0.064
28865_1,駐在刑事 第二季,東京電視台,5,20:00,2020-02-21,0.068
28865_1,駐在刑事 第二季,東京電視台,6,20:00,2020-02-28,0.07
28865_1,駐在刑事 第二季,東京電視台,完結篇,20:00,2020-03-06,0.089
28854_1,別在病房念經,TBS,1,22:00,2020-01-17,0.113
28854_1,別在病房念經,TBS,2,22:00,2020-01-24,0.103
28854_1,別在病房念經,TBS,3,22:00,2020-01-31,0.082
28854_1,別在病房念經,TBS,4,22:00,2020-02-07,0.081
28854_1,別在病房念經,TBS,5,22:00,2020-02-14,0.09
28854_1,別在病房念經,TBS,6,22:00,2020-02-21,0.079
28854_1,別在病房念經,TBS,7,22:00,2020-02-28,0.089
28854_1,別在病房念經,TBS,8,22:00,2020-03-06,0.078
28854_1,別在病房念經,TBS,9,22:00,2020-03-13,0.085
28854_1,別在病房念經,TBS,完結篇,22:00,2020-03-20,0.092
29406_1,女高中生的虛度日常,朝日電視台,1,23:15,2020-01-24,0.032
29406_1,女高中生的虛度日常,朝日電視台,2,23:15,2020-01-31,0.035
29406_1,女高中生的虛度日常,朝日電視台,3,23:15,2020-02-07,0.045
29406_1,女高中生的虛度日常,朝日電視台,4,23:15,2020-02-14,0.04
29406_1,女高中生的虛度日常,朝日電視台,5,23:15,2020-02-21,0.027
29406_1,女高中生的虛度日常,朝日電視台,6,23:15,2020-02-28,0.04
29406_1,女高中生的虛度日常,朝日電視台,完結篇,23:15,2020-03-06,0.043
28946_1,Top Knife,日本電視台,1,22:00,2020-01-11,0.13
28946_1,Top Knife,日本電視台,2,22:00,2020-01-18,0.124
28946_1,Top Knife,日本電視台,3,22:00,2020-01-25,0.129
28946_1,Top Knife,日本電視台,4,22:00,2020-02-01,0.106
28946_1,Top Knife,日本電視台,5,22:00,2020-02-08,0.091
28946_1,Top Knife,日本電視台,6,22:00,2020-02-15,0.101
28946_1,Top Knife,日本電視台,7,22:00,2020-02-22,0.106
28946_1,Top Knife,日本電視台,8,22:00,2020-02-29,0.11
28946_1,Top Knife,日本電視台,9,22:00,2020-03-07,0.114
28946_1,Top Knife,日本電視台,完結篇,22:00,2020-03-14,0.116
29310_1,不在場證明破解少女,朝日電視台,1,23:15,2020-02-01,0.052
29310_1,不在場證明破解少女,朝日電視台,2,23:15,2020-02-08,0.045
29310_1,不在場證明破解少女,朝日電視台,3,23:15,2020-02-15,0.051
29310_1,不在場證明破解少女,朝日電視台,4,23:15,2020-02-22,0.042
29310_1,不在場證明破解少女,朝日電視台,5,23:15,2020-02-29,0.042
29310_1,不在場證明破解少女,朝日電視台,6,23:15,2020-03-07,0.042
29310_1,不在場證明破解少女,朝日電視台,完結篇,23:15,2020-03-14,0.053
26271_1,忒修斯之船,TBS,1,21:00,2020-01-19,0.111
26271_1,忒修斯之船,TBS,2,21:00,2020-01-26,0.112
26271_1,忒修斯之船,TBS,3,21:00,2020-02-02,0.11
26271_1,忒修斯之船,TBS,4,21:00,2020-02-09,0.11
26271_1,忒修斯之船,TBS,5,21:00,2020-02-16,0.118
26271_1,忒修斯之船,TBS,6,21:00,2020-02-23,0.132
26271_1,忒修斯之船,TBS,7,21:00,2020-03-01,0.14
26271_1,忒修斯之船,TBS,8,21:00,2020-03-08,0.153
26271_1,忒修斯之船,TBS,9,21:00,2020-03-15,0.149
26271_1,忒修斯之船,TBS,完結篇,21:00,2020-03-22,0.196
28962_1,在不白不黑的世界裡，熊貓笑了。,日本電視台,1,22:30,2020-01-12,0.095
28962_1,在不白不黑的世界裡，熊貓笑了。,日本電視台,2,22:30,2020-01-19,0.079
28962_1,在不白不黑的世界裡，熊貓笑了。,日本電視台,3,22:30,2020-01-26,0.085
28962_1,在不白不黑的世界裡，熊貓笑了。,日本電視台,4,22:30,2020-02-02,0.077
28962_1,在不白不黑的世界裡，熊貓笑了。,日本電視台,5,22:30,2020-02-09,0.067
28962_1,在不白不黑的世界裡，熊貓笑了。,日本電視台,6,22:30,2020-02-16,0.077
28962_1,在不白不黑的世界裡，熊貓笑了。,日本電視台,7,22:30,2020-02-23,0.074
28962_1,在不白不黑的世界裡，熊貓笑了。,日本電視台,8,22:30,2020-03-01,0.085
28962_1,在不白不黑的世界裡，熊貓笑了。,日本電視台,9,22:30,2020-03-08,0.086
28962_1,在不白不黑的世界裡，熊貓笑了。,日本電視台,完結篇,22:30,2020-03-15,0.084
15413_1,下町火箭,TBS,1,21:00,2020-04-05,0.09
15413_1,下町火箭,TBS,2,21:00,2020-04-12,0.094
28745_1,葉村晶：世界上最不幸的偵探,NHK綜合台,1,22:00,2020-01-24,0.048
28745_1,葉村晶：世界上最不幸的偵探,NHK綜合台,2,22:00,2020-01-31,0.03
28745_1,葉村晶：世界上最不幸的偵探,NHK綜合台,3,22:00,2020-02-07,0.041
28745_1,葉村晶：世界上最不幸的偵探,NHK綜合台,4,22:00,2020-02-14,0.034
28745_1,葉村晶：世界上最不幸的偵探,NHK綜合台,5,22:00,2020-02-21,0.04
28745_1,葉村晶：世界上最不幸的偵探,NHK綜合台,6,22:00,2020-02-28,0.038
28745_1,葉村晶：世界上最不幸的偵探,NHK綜合台,完結篇,22:00,2020-03-06,0.04
30586_1,螢草菜菜之劍,NHK綜合台,完結篇,18:05,2020-03-21,0.1
27613_1,療愈心中的傷口,NHK綜合台,1,21:00,2020-01-18,0.065
27613_1,療愈心中的傷口,NHK綜合台,2,21:00,2020-01-25,0.05
27613_1,療愈心中的傷口,NHK綜合台,3,21:00,2020-02-01,0.054
27613_1,療愈心中的傷口,NHK綜合台,完結篇,21:00,2020-02-08,0.049
29708_1,超讚!光源氏君,NHK綜合台,1,23:30,2020-04-04,0.041
29708_1,超讚!光源氏君,NHK綜合台,2,23:30,2020-04-11,0.043
29708_1,超讚!光源氏君,NHK綜合台,3,23:30,2020-04-18,0.047
29708_1,超讚!光源氏君,NHK綜合台,4,23:30,2020-04-25,0.04
29708_1,超讚!光源氏君,NHK綜合台,5,23:30,2020-05-02,0.04
29708_1,超讚!光源氏君,NHK綜合台,6,23:30,2020-05-09,0.039
29708_1,超讚!光源氏君,NHK綜合台,7,23:30,2020-05-16,0.038
29708_1,超讚!光源氏君,NHK綜合台,完結篇,23:30,2020-05-23,0.043
22904_1,麒麟來了,NHK綜合台,1,20:00,2020-01-19,0.191
22904_1,麒麟來了,NHK綜合台,2,20:00,2020-01-26,0.179
22904_1,麒麟來了,NHK綜合台,3,20:00,2020-02-02,0.161
22904_1,麒麟來了,NHK綜合台,4,20:00,2020-02-09,0.135
22904_1,麒麟來了,NHK綜合台,5,20:00,2020-02-16,0.132
22904_1,麒麟來了,NHK綜合台,6,20:00,2020-02-23,0.138
22904_1,麒麟來了,NHK綜合台,7,20:00,2020-03-01,0.15
22904_1,麒麟來了,NHK綜合台,8,20:00,2020-03-08,0.137
22904_1,麒麟來了,NHK綜合台,9,20:00,2020-03-15,0.15
22904_1,麒麟來了,NHK綜合台,10,20:00,2020-03-22,0.165
22904_1,麒麟來了,NHK綜合台,11,20:00,2020-03-29,0.143
22904_1,麒麟來了,NHK綜合台,12,20:00,2020-04-05,0.146
22904_1,麒麟來了,NHK綜合台,13,20:00,2020-04-12,0.157
22904_1,麒麟來了,NHK綜合台,14,20:00,2020-04-19,0.154
22904_1,麒麟來了,NHK綜合台,15,20:00,2020-04-26,0.149
22904_1,麒麟來了,NHK綜合台,16,20:00,2020-05-03,0.162
22904_1,麒麟來了,NHK綜合台,17,20:00,2020-05-10,0.149
22904_1,麒麟來了,NHK綜合台,18,20:00,2020-05-17,0.151
22904_1,麒麟來了,NHK綜合台,19,20:00,2020-05-24,0.157
22904_1,麒麟來了,NHK綜合台,20,20:00,2020-05-31,0.153
22904_1,麒麟來了,NHK綜合台,21,20:00,2020-06-07,0.163
22904_1,麒麟來了,NHK綜合台,22,20:00,2020-08-30,0.146
22904_1,麒麟來了,NHK綜合台,23,20:00,2020-09-13,0.134
22904_1,麒麟來了,NHK綜合台,24,20:00,2020-09-20,0.131
22904_1,麒麟來了,NHK綜合台,25,20:00,2020-09-27,0.129
22904_1,麒麟來了,NHK綜合台,26,20:00,2020-10-04,0.13
22904_1,麒麟來了,NHK綜合台,27,20:00,2020-10-11,0.13
22904_1,麒麟來了,NHK綜合台,28,20:00,2020-10-18,0.125
22904_1,麒麟來了,NHK綜合台,29,20:00,2020-10-25,0.132
22904_1,麒麟來了,NHK綜合台,30,20:00,2020-11-01,0.119
22904_1,麒麟來了,NHK綜合台,31,20:00,2020-11-08,0.138
22904_1,麒麟來了,NHK綜合台,32,20:00,2020-11-15,0.133
22904_1,麒麟來了,NHK綜合台,33,20:00,2020-11-22,0.131
22904_1,麒麟來了,NHK綜合台,34,20:00,2020-11-29,0.136
22904_1,麒麟來了,NHK綜合台,35,20:00,2020-12-06,0.127
22904_1,麒麟來了,NHK綜合台,36,20:00,2020-12-13,0.123
22904_1,麒麟來了,NHK綜合台,37,20:00,2020-12-20,0.122
22904_1,麒麟來了,NHK綜合台,38,20:00,2020-12-27,0.115
22904_1,麒麟來了,NHK綜合台,39,20:00,2021-01-03,0.114
22904_1,麒麟來了,NHK綜合台,40,20:00,2021-01-10,0.136
22904_2,麒麟來了,Premium,1,18:00,2020-01-19,0.033
22904_2,麒麟來了,Premium,4,18:00,2020-02-09,0.04
22904_2,麒麟來了,Premium,5,18:00,2020-02-16,0.045
22904_2,麒麟來了,Premium,6,18:00,2020-02-23,0.047
22904_2,麒麟來了,Premium,7,18:00,2020-03-01,0.047
22904_2,麒麟來了,Premium,8,18:00,2020-03-08,0.045
22904_2,麒麟來了,Premium,9,18:00,2020-03-15,0.05
22904_2,麒麟來了,Premium,10,18:00,2020-03-22,0.047
22904_2,麒麟來了,Premium,11,18:00,2020-03-29,0.055
25464_1,聲援,NHK綜合台,1,08:00,2020-03-30,0.212
25464_1,聲援,NHK綜合台,2,08:00,2020-03-31,0.191
25464_1,聲援,NHK綜合台,3,08:00,2020-04-01,0.193
25464_1,聲援,NHK綜合台,4,08:00,2020-04-02,0.195
25464_1,聲援,NHK綜合台,5,08:00,2020-04-03,0.185
25464_1,聲援,NHK綜合台,6,08:00,2020-04-06,0.201
25464_1,聲援,NHK綜合台,7,08:00,2020-04-07,0.201
25464_1,聲援,NHK綜合台,8,08:00,2020-04-08,0.201
25464_1,聲援,NHK綜合台,9,08:00,2020-04-09,0.191
25464_1,聲援,NHK綜合台,10,08:00,2020-04-10,0.201
25464_1,聲援,NHK綜合台,11,08:00,2020-04-13,0.205
25464_1,聲援,NHK綜合台,12,08:00,2020-04-14,0.195
25464_1,聲援,NHK綜合台,13,08:00,2020-04-15,0.195
25464_1,聲援,NHK綜合台,14,08:00,2020-04-16,0.192
25464_1,聲援,NHK綜合台,15,08:00,2020-04-17,0.197
25464_1,聲援,NHK綜合台,16,08:00,2020-04-20,0.206
25464_1,聲援,NHK綜合台,17,08:00,2020-04-21,0.206
25464_1,聲援,NHK綜合台,18,08:00,2020-04-22,0.203
25464_1,聲援,NHK綜合台,19,08:00,2020-04-23,0.207
25464_1,聲援,NHK綜合台,20,08:00,2020-04-24,0.204
25464_1,聲援,NHK綜合台,21,08:00,2020-04-27,0.213
25464_1,聲援,NHK綜合台,22,08:00,2020-04-28,0.206
25464_1,聲援,NHK綜合台,23,08:00,2020-04-29,0.198
25464_1,聲援,NHK綜合台,24,08:00,2020-04-30,0.211
25464_1,聲援,NHK綜合台,25,08:00,2020-05-01,0.212
25464_1,聲援,NHK綜合台,26,08:00,2020-05-04,0.199
25464_1,聲援,NHK綜合台,27,08:00,2020-05-05,0.201
25464_1,聲援,NHK綜合台,28,08:00,2020-05-06,0.197
25464_1,聲援,NHK綜合台,29,08:00,2020-05-07,0.215
25464_1,聲援,NHK綜合台,30,08:00,2020-05-08,0.21
25464_1,聲援,NHK綜合台,31,08:00,2020-05-11,0.206
25464_1,聲援,NHK綜合台,32,08:00,2020-05-12,0.213
25464_1,聲援,NHK綜合台,33,08:00,2020-05-13,0.216
25464_1,聲援,NHK綜合台,34,08:00,2020-05-14,0.213
25464_1,聲援,NHK綜合台,35,08:00,2020-05-15,0.213
25464_1,聲援,NHK綜合台,36,08:00,2020-05-18,0.214
25464_1,聲援,NHK綜合台,37,08:00,2020-05-19,0.221
25464_1,聲援,NHK綜合台,38,08:00,2020-05-20,0.22
25464_1,聲援,NHK綜合台,39,08:00,2020-05-21,0.217
25464_1,聲援,NHK綜合台,40,08:00,2020-05-22,0.218
25464_1,聲援,NHK綜合台,41,08:00,2020-05-25,0.22
25464_1,聲援,NHK綜合台,42,08:00,2020-05-26,0.211
25464_1,聲援,NHK綜合台,43,08:00,2020-05-27,0.21
25464_1,聲援,NHK綜合台,44,08:00,2020-05-28,0.213
25464_1,聲援,NHK綜合台,45,08:00,2020-05-29,0.213
25464_1,聲援,NHK綜合台,46,08:00,2020-06-01,0.219
25464_1,聲援,NHK綜合台,47,08:00,2020-06-02,0.209
25464_1,聲援,NHK綜合台,48,08:00,2020-06-03,0.218
25464_1,聲援,NHK綜合台,49,08:00,2020-06-04,0.206
25464_1,聲援,NHK綜合台,50,08:00,2020-06-05,0.21
25464_1,聲援,NHK綜合台,51,08:00,2020-06-08,0.22
25464_1,聲援,NHK綜合台,52,08:00,2020-06-09,0.21
25464_1,聲援,NHK綜合台,53,08:00,2020-06-10,0.207
25464_1,聲援,NHK綜合台,54,08:00,2020-06-11,0.207
25464_1,聲援,NHK綜合台,55,08:00,2020-06-12,0.216
25464_1,聲援,NHK綜合台,56,08:00,2020-06-15,0.206
25464_1,聲援,NHK綜合台,57,08:00,2020-06-16,0.206
25464_1,聲援,NHK綜合台,58,08:00,2020-06-17,0.196
25464_1,聲援,NHK綜合台,59,08:00,2020-06-18,0.206
25464_1,聲援,NHK綜合台,60,08:00,2020-06-19,0.2
25464_1,聲援,NHK綜合台,61,08:00,2020-06-22,0.201
25464_1,聲援,NHK綜合台,62,08:00,2020-06-23,0.201
25464_1,聲援,NHK綜合台,63,08:00,2020-06-24,0.205
25464_1,聲援,NHK綜合台,64,08:00,2020-06-25,0.212
25464_1,聲援,NHK綜合台,65,08:00,2020-06-26,0.204
25464_1,聲援,NHK綜合台,66,08:00,2020-09-14,0.187
25464_1,聲援,NHK綜合台,67,08:00,2020-09-15,0.188
25464_1,聲援,NHK綜合台,68,08:00,2020-09-16,0.184
25464_1,聲援,NHK綜合台,69,08:00,2020-09-17,0.193
25464_1,聲援,NHK綜合台,70,08:00,2020-09-18,0.188
25464_1,聲援,NHK綜合台,71,08:00,2020-09-21,0.183
25464_1,聲援,NHK綜合台,72,08:00,2020-09-22,0.183
25464_1,聲援,NHK綜合台,73,08:00,2020-09-23,0.188
25464_1,聲援,NHK綜合台,74,08:00,2020-09-24,0.202
25464_1,聲援,NHK綜合台,75,08:00,2020-09-25,0.195
25464_1,聲援,NHK綜合台,76,08:00,2020-09-28,0.185
25464_1,聲援,NHK綜合台,77,08:00,2020-09-29,0.183
25464_1,聲援,NHK綜合台,78,08:00,2020-09-30,0.187
25464_1,聲援,NHK綜合台,79,08:00,2020-10-01,0.194
25464_1,聲援,NHK綜合台,80,08:00,2020-10-02,0.188
25464_1,聲援,NHK綜合台,81,08:00,2020-10-05,0.189
25464_1,聲援,NHK綜合台,82,08:00,2020-10-06,0.192
25464_1,聲援,NHK綜合台,83,08:00,2020-10-07,0.192
25464_1,聲援,NHK綜合台,84,08:00,2020-10-08,0.19
25464_1,聲援,NHK綜合台,85,08:00,2020-10-09,0.193
25464_1,聲援,NHK綜合台,86,08:00,2020-10-12,0.189
25464_1,聲援,NHK綜合台,87,08:00,2020-10-13,0.195
25464_1,聲援,NHK綜合台,88,08:00,2020-10-14,0.189
25464_1,聲援,NHK綜合台,89,08:00,2020-10-15,0.191
25464_1,聲援,NHK綜合台,90,08:00,2020-10-16,0.191
25464_1,聲援,NHK綜合台,91,08:00,2020-10-19,0.197
25464_1,聲援,NHK綜合台,92,08:00,2020-10-20,0.19
25464_1,聲援,NHK綜合台,93,08:00,2020-10-21,0.188
25464_1,聲援,NHK綜合台,94,08:00,2020-10-22,0.196
25464_1,聲援,NHK綜合台,95,08:00,2020-10-23,0.194
25464_1,聲援,NHK綜合台,96,08:00,2020-10-26,0.195
25464_1,聲援,NHK綜合台,97,08:00,2020-10-27,0.195
25464_1,聲援,NHK綜合台,98,08:00,2020-10-28,0.197
25464_1,聲援,NHK綜合台,99,08:00,2020-10-29,0.196
25464_1,聲援,NHK綜合台,100,08:00,2020-10-30,0.201
25464_1,聲援,NHK綜合台,101,08:00,2020-11-02,0.201
25464_1,聲援,NHK綜合台,102,08:00,2020-11-03,0.195
25464_1,聲援,NHK綜合台,103,08:00,2020-11-04,0.192
25464_1,聲援,NHK綜合台,104,08:00,2020-11-05,0.19
25464_1,聲援,NHK綜合台,105,08:00,2020-11-06,0.201
25464_1,聲援,NHK綜合台,106,08:00,2020-11-09,0.19
25464_1,聲援,NHK綜合台,107,08:00,2020-11-10,0.196
25464_1,聲援,NHK綜合台,108,08:00,2020-11-11,0.2
25464_1,聲援,NHK綜合台,109,08:00,2020-11-12,0.194
25464_1,聲援,NHK綜合台,110,08:00,2020-11-13,0.197
25464_1,聲援,NHK綜合台,111,08:00,2020-11-16,0.199
25464_1,聲援,NHK綜合台,112,08:00,2020-11-17,0.194
25464_1,聲援,NHK綜合台,113,08:00,2020-11-18,0.197
25464_1,聲援,NHK綜合台,114,08:00,2020-11-19,0.2
25464_1,聲援,NHK綜合台,115,08:00,2020-11-20,0.2
25464_1,聲援,NHK綜合台,116,08:00,2020-11-23,0.204
25464_1,聲援,NHK綜合台,117,08:00,2020-11-24,0.203
25464_1,聲援,NHK綜合台,118,08:00,2020-11-25,0.208
25464_1,聲援,NHK綜合台,119,08:00,2020-11-26,0.202
25464_1,聲援,NHK綜合台,完結篇,08:00,2020-11-27,0.218
25464_2,聲援,NHK綜合台,1,08:00,2020-06-29,0.175
25464_2,聲援,NHK綜合台,2,08:00,2020-06-30,0.161
25464_2,聲援,NHK綜合台,3,08:00,2020-07-01,0.156
25464_2,聲援,NHK綜合台,4,08:00,2020-07-02,0.152
25464_2,聲援,NHK綜合台,5,08:00,2020-07-03,0.158
25464_2,聲援,NHK綜合台,6,08:00,2020-07-04,0.156
25464_2,聲援,NHK綜合台,7,08:00,2020-07-06,0.157
25464_2,聲援,NHK綜合台,8,08:00,2020-07-07,0.16
25464_2,聲援,NHK綜合台,9,08:00,2020-07-08,0.144
25464_2,聲援,NHK綜合台,10,08:00,2020-07-09,0.15
25464_2,聲援,NHK綜合台,11,08:00,2020-07-10,0.142
25464_2,聲援,NHK綜合台,12,08:00,2020-07-11,0.144
25464_2,聲援,NHK綜合台,13,08:00,2020-07-13,0.15
25464_2,聲援,NHK綜合台,14,08:00,2020-07-14,0.145
25464_2,聲援,NHK綜合台,15,08:00,2020-07-15,0.144
25464_2,聲援,NHK綜合台,16,08:00,2020-07-16,0.144
25464_2,聲援,NHK綜合台,17,08:00,2020-07-17,0.153
25464_2,聲援,NHK綜合台,18,08:00,2020-07-18,0.14
25464_2,聲援,NHK綜合台,19,08:00,2020-07-20,0.139
25464_2,聲援,NHK綜合台,20,08:00,2020-07-21,0.137
25464_2,聲援,NHK綜合台,21,08:00,2020-07-22,0.145
25464_2,聲援,NHK綜合台,22,08:00,2020-07-23,0.132
25464_2,聲援,NHK綜合台,23,08:00,2020-07-24,0.13
25464_2,聲援,NHK綜合台,24,08:00,2020-07-25,0.131
25464_2,聲援,NHK綜合台,25,08:00,2020-07-27,0.146
25464_2,聲援,NHK綜合台,26,08:00,2020-07-28,0.138
25464_2,聲援,NHK綜合台,27,08:00,2020-07-29,0.139
25464_2,聲援,NHK綜合台,28,08:00,2020-07-30,0.139
25464_2,聲援,NHK綜合台,29,08:00,2020-07-31,0.142
25464_2,聲援,NHK綜合台,30,08:00,2020-08-01,0.135
25464_2,聲援,NHK綜合台,31,08:00,2020-08-03,0.136
25464_2,聲援,NHK綜合台,32,08:00,2020-08-04,0.131
25464_2,聲援,NHK綜合台,33,08:00,2020-08-05,0.13
25464_2,聲援,NHK綜合台,34,08:00,2020-08-06,0.077
25464_2,聲援,NHK綜合台,35,08:00,2020-08-07,0.127
25464_2,聲援,NHK綜合台,36,08:00,2020-08-08,0.119
25464_2,聲援,NHK綜合台,37,08:00,2020-08-10,0.119
25464_2,聲援,NHK綜合台,38,08:00,2020-08-11,0.131
25464_2,聲援,NHK綜合台,39,08:00,2020-08-12,0.131
25464_2,聲援,NHK綜合台,40,08:00,2020-08-13,0.135
25464_2,聲援,NHK綜合台,41,08:00,2020-08-14,0.133
25464_2,聲援,NHK綜合台,42,08:00,2020-08-15,0.125
25464_2,聲援,NHK綜合台,43,08:00,2020-08-17,0.14
25464_2,聲援,NHK綜合台,44,08:00,2020-08-18,0.132
25464_2,聲援,NHK綜合台,45,08:00,2020-08-19,0.128
25464_2,聲援,NHK綜合台,46,08:00,2020-08-20,0.133
25464_2,聲援,NHK綜合台,47,08:00,2020-08-21,0.139
25464_2,聲援,NHK綜合台,48,08:00,2020-08-22,0.135
25464_2,聲援,NHK綜合台,49,08:00,2020-08-24,0.132
25464_2,聲援,NHK綜合台,50,08:00,2020-08-25,0.132
25464_2,聲援,NHK綜合台,51,08:00,2020-08-26,0.136
25464_2,聲援,NHK綜合台,52,08:00,2020-08-27,0.141
25464_2,聲援,NHK綜合台,53,08:00,2020-08-28,0.136
25464_2,聲援,NHK綜合台,54,08:00,2020-08-29,0.136
25464_2,聲援,NHK綜合台,55,08:00,2020-08-31,0.143
25464_2,聲援,NHK綜合台,56,08:00,2020-09-01,0.137
25464_2,聲援,NHK綜合台,57,08:00,2020-09-02,0.139
25464_2,聲援,NHK綜合台,58,08:00,2020-09-03,0.135
25464_2,聲援,NHK綜合台,59,08:00,2020-09-04,0.139
25464_2,聲援,NHK綜合台,60,08:00,2020-09-05,0.126
25464_2,聲援,NHK綜合台,61,08:00,2020-09-07,0.164
25464_2,聲援,NHK綜合台,62,08:00,2020-09-08,0.147
25464_2,聲援,NHK綜合台,63,08:00,2020-09-09,0.146
25464_2,聲援,NHK綜合台,65,08:00,2020-09-11,0.152
25464_2,聲援,NHK綜合台,66,08:00,2020-09-12,0.15
24857_1,緋紅,NHK綜合台,1,08:00,2019-09-30,0.202
24857_1,緋紅,NHK綜合台,2,08:00,2019-10-01,0.192
24857_1,緋紅,NHK綜合台,3,08:00,2019-10-02,0.206
24857_1,緋紅,NHK綜合台,4,08:00,2019-10-03,0.207
24857_1,緋紅,NHK綜合台,5,08:00,2019-10-04,0.2
24857_1,緋紅,NHK綜合台,6,08:00,2019-10-05,0.181
24857_1,緋紅,NHK綜合台,7,08:00,2019-10-07,0.197
24857_1,緋紅,NHK綜合台,8,08:00,2019-10-08,0.183
24857_1,緋紅,NHK綜合台,9,08:00,2019-10-09,0.208
24857_1,緋紅,NHK綜合台,10,08:00,2019-10-10,0.199
24857_1,緋紅,NHK綜合台,11,08:00,2019-10-11,0.203
24857_1,緋紅,NHK綜合台,12,08:00,2019-10-12,0.224
24857_1,緋紅,NHK綜合台,13,08:00,2019-10-14,0.18
24857_1,緋紅,NHK綜合台,14,08:00,2019-10-15,0.204
24857_1,緋紅,NHK綜合台,15,08:00,2019-10-16,0.203
24857_1,緋紅,NHK綜合台,16,08:00,2019-10-17,0.197
24857_1,緋紅,NHK綜合台,17,08:00,2019-10-18,0.203
24857_1,緋紅,NHK綜合台,18,08:00,2019-10-19,0.192
24857_1,緋紅,NHK綜合台,19,08:00,2019-10-21,0.202
24857_1,緋紅,NHK綜合台,20,08:00,2019-10-22,0.139
24857_1,緋紅,NHK綜合台,21,08:00,2019-10-23,0.196
24857_1,緋紅,NHK綜合台,22,08:00,2019-10-24,0.201
24857_1,緋紅,NHK綜合台,23,08:00,2019-10-25,0.213
24857_1,緋紅,NHK綜合台,24,08:00,2019-10-26,0.183
24857_1,緋紅,NHK綜合台,25,08:00,2019-10-28,0.179
24857_1,緋紅,NHK綜合台,26,08:00,2019-10-29,0.191
24857_1,緋紅,NHK綜合台,27,08:00,2019-10-30,0.195
24857_1,緋紅,NHK綜合台,28,08:00,2019-10-31,0.19
24857_1,緋紅,NHK綜合台,29,08:00,2019-11-01,0.2
24857_1,緋紅,NHK綜合台,30,08:00,2019-11-02,0.191
24857_1,緋紅,NHK綜合台,31,08:00,2019-11-04,0.201
24857_1,緋紅,NHK綜合台,32,08:00,2019-11-05,0.196
24857_1,緋紅,NHK綜合台,33,08:00,2019-11-06,0.197
24857_1,緋紅,NHK綜合台,34,08:00,2019-11-07,0.204
24857_1,緋紅,NHK綜合台,35,08:00,2019-11-08,0.214
24857_1,緋紅,NHK綜合台,36,08:00,2019-11-09,0.2
24857_1,緋紅,NHK綜合台,37,08:00,2019-11-11,0.217
24857_1,緋紅,NHK綜合台,38,08:00,2019-11-12,0.193
24857_1,緋紅,NHK綜合台,39,08:00,2019-11-13,0.203
24857_1,緋紅,NHK綜合台,40,08:00,2019-11-14,0.189
24857_1,緋紅,NHK綜合台,41,08:00,2019-11-15,0.211
24857_1,緋紅,NHK綜合台,42,08:00,2019-11-16,0.186
24857_1,緋紅,NHK綜合台,43,08:00,2019-11-18,0.203
24857_1,緋紅,NHK綜合台,44,08:00,2019-11-19,0.198
24857_1,緋紅,NHK綜合台,45,08:00,2019-11-20,0.196
24857_1,緋紅,NHK綜合台,46,08:00,2019-11-21,0.194
24857_1,緋紅,NHK綜合台,47,08:00,2019-11-22,0.195
24857_1,緋紅,NHK綜合台,48,08:00,2019-11-23,0.179
24857_1,緋紅,NHK綜合台,49,08:00,2019-11-25,0.188
24857_1,緋紅,NHK綜合台,50,08:00,2019-11-26,0.188
24857_1,緋紅,NHK綜合台,51,08:00,2019-11-27,0.205
24857_1,緋紅,NHK綜合台,52,08:00,2019-11-28,0.201
24857_1,緋紅,NHK綜合台,53,08:00,2019-11-29,0.199
24857_1,緋紅,NHK綜合台,54,08:00,2019-11-30,0.187
24857_1,緋紅,NHK綜合台,55,08:00,2019-12-02,0.184
24857_1,緋紅,NHK綜合台,56,08:00,2019-12-03,0.186
24857_1,緋紅,NHK綜合台,57,08:00,2019-12-04,0.193
24857_1,緋紅,NHK綜合台,58,08:00,2019-12-05,0.182
24857_1,緋紅,NHK綜合台,59,08:00,2019-12-06,0.191
24857_1,緋紅,NHK綜合台,60,08:00,2019-12-07,0.187
24857_1,緋紅,NHK綜合台,61,08:00,2019-12-09,0.192
24857_1,緋紅,NHK綜合台,62,08:00,2019-12-10,0.182
24857_1,緋紅,NHK綜合台,63,08:00,2019-12-11,0.195
24857_1,緋紅,NHK綜合台,64,08:00,2019-12-12,0.185
24857_1,緋紅,NHK綜合台,65,08:00,2019-12-13,0.2
24857_1,緋紅,NHK綜合台,66,08:00,2019-12-14,0.192
24857_1,緋紅,NHK綜合台,67,08:00,2019-12-16,0.192
24857_1,緋紅,NHK綜合台,68,08:00,2019-12-17,0.204
24857_1,緋紅,NHK綜合台,69,08:00,2019-12-18,0.2
24857_1,緋紅,NHK綜合台,70,08:00,2019-12-19,0.191
24857_1,緋紅,NHK綜合台,71,08:00,2019-12-20,0.199
24857_1,緋紅,NHK綜合台,72,08:00,2019-12-21,0.202
24857_1,緋紅,NHK綜合台,73,08:00,2019-12-23,0.184
24857_1,緋紅,NHK綜合台,74,08:00,2019-12-24,0.198
24857_1,緋紅,NHK綜合台,75,08:00,2019-12-25,0.192
24857_1,緋紅,NHK綜合台,76,08:00,2019-12-26,0.191
24857_1,緋紅,NHK綜合台,77,08:00,2019-12-27,0.199
24857_1,緋紅,NHK綜合台,78,08:00,2019-12-28,0.187
24857_1,緋紅,NHK綜合台,79,08:00,2020-01-06,0.173
24857_1,緋紅,NHK綜合台,80,08:00,2020-01-07,0.177
24857_1,緋紅,NHK綜合台,81,08:00,2020-01-08,0.193
24857_1,緋紅,NHK綜合台,82,08:00,2020-01-09,0.186
24857_1,緋紅,NHK綜合台,83,08:00,2020-01-10,0.184
24857_1,緋紅,NHK綜合台,84,08:00,2020-01-11,0.18
24857_1,緋紅,NHK綜合台,85,08:00,2020-01-13,0.175
24857_1,緋紅,NHK綜合台,86,08:00,2020-01-14,0.192
24857_1,緋紅,NHK綜合台,87,08:00,2020-01-15,0.187
24857_1,緋紅,NHK綜合台,88,08:00,2020-01-16,0.183
24857_1,緋紅,NHK綜合台,89,08:00,2020-01-17,0.19
24857_1,緋紅,NHK綜合台,90,08:00,2020-01-18,0.186
24857_1,緋紅,NHK綜合台,91,08:00,2020-01-20,0.191
24857_1,緋紅,NHK綜合台,92,08:00,2020-01-21,0.193
24857_1,緋紅,NHK綜合台,93,08:00,2020-01-22,0.202
24857_1,緋紅,NHK綜合台,94,08:00,2020-01-23,0.183
24857_1,緋紅,NHK綜合台,95,08:00,2020-01-24,0.195
24857_1,緋紅,NHK綜合台,96,08:00,2020-01-25,0.193
24857_1,緋紅,NHK綜合台,97,08:00,2020-01-27,0.192
24857_1,緋紅,NHK綜合台,98,08:00,2020-01-28,0.193
24857_1,緋紅,NHK綜合台,99,08:00,2020-01-29,0.18
24857_1,緋紅,NHK綜合台,100,08:00,2020-01-30,0.196
24857_1,緋紅,NHK綜合台,101,08:00,2020-01-31,0.194
24857_1,緋紅,NHK綜合台,102,08:00,2020-02-01,0.192
24857_1,緋紅,NHK綜合台,103,08:00,2020-02-03,0.19
24857_1,緋紅,NHK綜合台,104,08:00,2020-02-04,0.193
24857_1,緋紅,NHK綜合台,105,08:00,2020-02-05,0.204
24857_1,緋紅,NHK綜合台,106,08:00,2020-02-06,0.203
24857_1,緋紅,NHK綜合台,107,08:00,2020-02-07,0.206
24857_1,緋紅,NHK綜合台,108,08:00,2020-02-08,0.193
24857_1,緋紅,NHK綜合台,109,08:00,2020-02-10,0.192
24857_1,緋紅,NHK綜合台,110,08:00,2020-02-11,0.185
24857_1,緋紅,NHK綜合台,111,08:00,2020-02-12,0.19
24857_1,緋紅,NHK綜合台,112,08:00,2020-02-13,0.193
24857_1,緋紅,NHK綜合台,113,08:00,2020-02-14,0.199
24857_1,緋紅,NHK綜合台,114,08:00,2020-02-15,0.185
24857_1,緋紅,NHK綜合台,115,08:00,2020-02-17,0.199
24857_1,緋紅,NHK綜合台,116,08:00,2020-02-18,0.193
24857_1,緋紅,NHK綜合台,117,08:00,2020-02-19,0.195
24857_1,緋紅,NHK綜合台,118,08:00,2020-02-20,0.194
24857_1,緋紅,NHK綜合台,119,08:00,2020-02-21,0.196
24857_1,緋紅,NHK綜合台,120,08:00,2020-02-22,0.198
24857_1,緋紅,NHK綜合台,121,08:00,2020-02-24,0.185
24857_1,緋紅,NHK綜合台,122,08:00,2020-02-25,0.193
24857_1,緋紅,NHK綜合台,123,08:00,2020-02-26,0.197
24857_1,緋紅,NHK綜合台,124,08:00,2020-02-27,0.191
24857_1,緋紅,NHK綜合台,125,08:00,2020-02-28,0.19
24857_1,緋紅,NHK綜合台,126,08:00,2020-02-29,0.183
24857_1,緋紅,NHK綜合台,127,08:00,2020-03-02,0.188
24857_1,緋紅,NHK綜合台,128,08:00,2020-03-03,0.192
24857_1,緋紅,NHK綜合台,129,08:00,2020-03-04,0.201
24857_1,緋紅,NHK綜合台,130,08:00,2020-03-05,0.2
24857_1,緋紅,NHK綜合台,131,08:00,2020-03-06,0.188
24857_1,緋紅,NHK綜合台,132,08:00,2020-03-07,0.189
24857_1,緋紅,NHK綜合台,133,08:00,2020-03-09,0.196
24857_1,緋紅,NHK綜合台,134,08:00,2020-03-10,0.201
24857_1,緋紅,NHK綜合台,135,08:00,2020-03-11,0.195
24857_1,緋紅,NHK綜合台,136,08:00,2020-03-12,0.191
24857_1,緋紅,NHK綜合台,137,08:00,2020-03-13,0.193
24857_1,緋紅,NHK綜合台,138,08:00,2020-03-14,0.195
24857_1,緋紅,NHK綜合台,139,08:00,2020-03-16,0.198
24857_1,緋紅,NHK綜合台,140,08:00,2020-03-17,0.199
24857_1,緋紅,NHK綜合台,141,08:00,2020-03-18,0.185
24857_1,緋紅,NHK綜合台,142,08:00,2020-03-19,0.19
24857_1,緋紅,NHK綜合台,143,08:00,2020-03-20,0.187
24857_1,緋紅,NHK綜合台,144,08:00,2020-03-21,0.187
24857_1,緋紅,NHK綜合台,145,08:00,2020-03-23,0.207
24857_1,緋紅,NHK綜合台,146,08:00,2020-03-24,0.208
24857_1,緋紅,NHK綜合台,147,08:00,2020-03-25,0.2
24857_1,緋紅,NHK綜合台,148,08:00,2020-03-26,0.197
24857_1,緋紅,NHK綜合台,149,08:00,2020-03-27,0.201
24857_1,緋紅,NHK綜合台,完結篇,08:00,2020-03-28,0.205
28735_1,我從何而來,東京電視台,1,24:12,2020-01-08,0.012
28735_1,我從何而來,東京電視台,2,24:12,2020-01-15,0.011
28735_1,我從何而來,東京電視台,3,24:12,2020-01-22,0.012
28735_1,我從何而來,東京電視台,4,24:12,2020-01-29,0.009
28735_1,我從何而來,東京電視台,5,24:12,2020-02-05,0.006
28735_1,我從何而來,東京電視台,6,24:12,2020-02-12,0.006
28735_1,我從何而來,東京電視台,7,24:12,2020-02-19,0.01
28735_1,我從何而來,東京電視台,8,24:12,2020-02-26,0.008
28735_1,我從何而來,東京電視台,9,24:12,2020-03-04,0.008
28735_1,我從何而來,東京電視台,10,24:12,2020-03-11,0.008
28735_1,我從何而來,東京電視台,完結篇,24:12,2020-03-18,0.012
29469_1,午餐聯誼偵探,日本電視台,1,23:59,2020-01-09,0.042
29469_1,午餐聯誼偵探,日本電視台,2,23:59,2020-01-16,0.039
29469_1,午餐聯誼偵探,日本電視台,3,23:59,2020-01-23,0.036
29469_1,午餐聯誼偵探,日本電視台,4,23:59,2020-01-30,0.037
29469_1,午餐聯誼偵探,日本電視台,5,23:59,2020-02-06,0.037
29469_1,午餐聯誼偵探,日本電視台,6,23:59,2020-02-13,0.031
29469_1,午餐聯誼偵探,日本電視台,7,23:59,2020-02-20,0.042
29469_1,午餐聯誼偵探,日本電視台,8,23:59,2020-02-27,0.046
29469_1,午餐聯誼偵探,日本電視台,9,23:59,2020-03-05,0.038
29469_1,午餐聯誼偵探,日本電視台,完結篇,23:59,2020-03-12,0.038
30334_1,Guilty 這個戀愛有罪嗎？,日本電視台,1,23:59,2020-04-02,0.034
30334_1,Guilty 這個戀愛有罪嗎？,日本電視台,2,23:59,2020-04-09,0.044
30334_1,Guilty 這個戀愛有罪嗎？,日本電視台,3,23:59,2020-04-16,0.039
30334_1,Guilty 這個戀愛有罪嗎？,日本電視台,4,23:59,2020-06-25,0.039
30334_1,Guilty 這個戀愛有罪嗎？,日本電視台,5,23:59,2020-07-02,0.038
30334_1,Guilty 這個戀愛有罪嗎？,日本電視台,6,23:59,2020-07-09,0.039
30334_1,Guilty 這個戀愛有罪嗎？,日本電視台,7,23:59,2020-07-16,0.04
30334_1,Guilty 這個戀愛有罪嗎？,日本電視台,8,23:59,2020-07-23,0.043
30334_1,Guilty 這個戀愛有罪嗎？,日本電視台,9,23:59,2020-07-30,0.031
30334_1,Guilty 這個戀愛有罪嗎？,日本電視台,完結篇,23:59,2020-08-06,0.04
28964_1,古瀧兄弟與四苦八苦,東京電視台,1,24:12,2020-01-10,0.017
28964_1,古瀧兄弟與四苦八苦,東京電視台,2,24:12,2020-01-17,0.015
28964_1,古瀧兄弟與四苦八苦,東京電視台,3,24:12,2020-01-24,0.022
28964_1,古瀧兄弟與四苦八苦,東京電視台,4,24:12,2020-01-31,0.018
28964_1,古瀧兄弟與四苦八苦,東京電視台,5,24:12,2020-02-07,0.02
28964_1,古瀧兄弟與四苦八苦,東京電視台,6,24:12,2020-02-14,0.014
28964_1,古瀧兄弟與四苦八苦,東京電視台,7,24:12,2020-02-21,0.019
28964_1,古瀧兄弟與四苦八苦,東京電視台,8,24:12,2020-02-28,0.017
28964_1,古瀧兄弟與四苦八苦,東京電視台,9,24:12,2020-03-06,0.015
28964_1,古瀧兄弟與四苦八苦,東京電視台,10,24:12,2020-03-13,0.013
28964_1,古瀧兄弟與四苦八苦,東京電視台,11,24:12,2020-03-20,0.015
28964_1,古瀧兄弟與四苦八苦,東京電視台,完結篇,24:12,2020-03-27,0.018
28448_1,惡魔辯護律師・御子柴禮司,富士電視台,1,23:40,2019-12-07,0.034
28448_1,惡魔辯護律師・御子柴禮司,富士電視台,2,23:40,2019-12-14,0.033
28448_1,惡魔辯護律師・御子柴禮司,富士電視台,3,23:40,2019-12-21,0.032
28448_1,惡魔辯護律師・御子柴禮司,富士電視台,4,23:40,2019-12-28,0.021
28448_1,惡魔辯護律師・御子柴禮司,富士電視台,5,23:40,2020-01-04,0.029
28448_1,惡魔辯護律師・御子柴禮司,富士電視台,6,23:40,2020-01-11,0.028
28448_1,惡魔辯護律師・御子柴禮司,富士電視台,7,23:40,2020-01-18,0.023
28448_1,惡魔辯護律師・御子柴禮司,富士電視台,完結篇,23:40,2020-01-25,0.032
29647_1,老爸的第二春,東海電視台,1,23:40,2020-02-01,0.029
29647_1,老爸的第二春,東海電視台,2,23:40,2020-02-08,0.031
29647_1,老爸的第二春,東海電視台,3,23:40,2020-02-15,0.027
29647_1,老爸的第二春,東海電視台,4,23:40,2020-02-22,0.031
29647_1,老爸的第二春,東海電視台,5,23:40,2020-02-29,0.022
29647_1,老爸的第二春,東海電視台,6,23:40,2020-03-07,0.028
29647_1,老爸的第二春,東海電視台,7,23:40,2020-03-14,0.028
29647_1,老爸的第二春,東海電視台,完結篇,23:40,2020-03-21,0.032
30023_1,SUITS無照律師2,富士電視台,1,21:00,2020-04-13,0.111
30023_1,SUITS無照律師2,富士電視台,2,21:00,2020-04-20,0.084
30023_1,SUITS無照律師2,富士電視台,**-特,21:00,2020-07-20,0.073
30023_1,SUITS無照律師2,富士電視台,3,21:00,2020-07-27,0.083
30023_1,SUITS無照律師2,富士電視台,4,21:00,2020-08-03,0.087
30023_1,SUITS無照律師2,富士電視台,5,21:00,2020-08-10,0.087
30023_1,SUITS無照律師2,富士電視台,6,21:00,2020-08-17,0.085
30023_1,SUITS無照律師2,富士電視台,7,21:00,2020-08-24,0.071
30023_1,SUITS無照律師2,富士電視台,8,21:00,2020-08-31,0.085
30023_1,SUITS無照律師2,富士電視台,9,21:00,2020-09-07,0.07
30023_1,SUITS無照律師2,富士電視台,10,21:00,2020-09-14,0.085
30023_1,SUITS無照律師2,富士電視台,11,21:00,2020-09-21,0.085
30023_1,SUITS無照律師2,富士電視台,12,21:00,2020-09-28,0.082
30023_1,SUITS無照律師2,富士電視台,13,21:00,2020-10-05,0.071
30023_1,SUITS無照律師2,富士電視台,14,21:00,2020-10-12,0.085
30023_1,SUITS無照律師2,富士電視台,完結篇,21:00,2020-10-19,0.082
30014_1,人氣女神：拉麵食遊記,東京電視台,1,22:00,2020-04-20,0.051
30014_1,人氣女神：拉麵食遊記,東京電視台,3,22:00,2020-05-04,0.045
30014_1,人氣女神：拉麵食遊記,東京電視台,4,22:00,2020-05-11,0.055
30014_1,人氣女神：拉麵食遊記,東京電視台,5,22:00,2020-05-18,0.051
30014_1,人氣女神：拉麵食遊記,東京電視台,6,22:00,2020-05-25,0.052
30014_1,人氣女神：拉麵食遊記,東京電視台,7,22:00,2020-06-01,0.051
30014_1,人氣女神：拉麵食遊記,東京電視台,完結篇,22:00,2020-06-08,0.054
30925_1,偵探・由利麟太郎,富士電視台,1,21:00,2020-06-16,0.096
30925_1,偵探・由利麟太郎,富士電視台,2,21:00,2020-06-23,0.063
30925_1,偵探・由利麟太郎,富士電視台,3,21:00,2020-06-30,0.066
30925_1,偵探・由利麟太郎,富士電視台,4,21:00,2020-07-07,0.059
30373_1,特搜9 season3,朝日電視台,1,21:00,2020-04-08,0.142
30373_1,特搜9 season3,朝日電視台,2,21:00,2020-04-15,0.139
30373_1,特搜9 season3,朝日電視台,3,21:00,2020-04-22,0.139
30373_1,特搜9 season3,朝日電視台,4,21:00,2020-04-29,0.139
30373_1,特搜9 season3,朝日電視台,5,21:00,2020-06-17,0.15
30373_1,特搜9 season3,朝日電視台,6,21:00,2020-06-24,0.138
30373_1,特搜9 season3,朝日電視台,7,21:00,2020-07-01,0.135
30373_1,特搜9 season3,朝日電視台,8,21:00,2020-07-08,0.132
30373_1,特搜9 season3,朝日電視台,9,21:00,2020-07-15,0.127
30373_1,特搜9 season3,朝日電視台,完結篇,21:00,2020-07-22,0.152
29953_1,派遣女王 第2季,日本電視台,1,22:00,2020-06-17,0.142
29953_1,派遣女王 第2季,日本電視台,2,22:00,2020-06-24,0.119
29953_1,派遣女王 第2季,日本電視台,3,22:00,2020-07-01,0.119
29953_1,派遣女王 第2季,日本電視台,4,22:00,2020-07-08,0.127
29953_1,派遣女王 第2季,日本電視台,5,22:00,2020-07-15,0.131
29953_1,派遣女王 第2季,日本電視台,6,22:00,2020-07-22,0.121
29953_1,派遣女王 第2季,日本電視台,7,22:00,2020-07-29,0.131
29953_1,派遣女王 第2季,日本電視台,完結篇,22:00,2020-08-05,0.126
30059_1,警視廳・搜查一課長2020,朝日電視台,1,20:00,2020-04-09,0.133
30059_1,警視廳・搜查一課長2020,朝日電視台,2,20:00,2020-04-16,0.138
30059_1,警視廳・搜查一課長2020,朝日電視台,3,20:00,2020-04-23,0.139
30059_1,警視廳・搜查一課長2020,朝日電視台,4,20:00,2020-04-30,0.145
30059_1,警視廳・搜查一課長2020,朝日電視台,5,20:00,2020-05-07,0.142
30059_1,警視廳・搜查一課長2020,朝日電視台,6,20:00,2020-05-14,0.137
30059_1,警視廳・搜查一課長2020,朝日電視台,7,20:00,2020-06-18,0.143
30059_1,警視廳・搜查一課長2020,朝日電視台,8,20:00,2020-06-25,0.126
30059_1,警視廳・搜查一課長2020,朝日電視台,9,20:00,2020-07-02,0.125
30059_1,警視廳・搜查一課長2020,朝日電視台,10,20:00,2020-07-09,0.129
30059_1,警視廳・搜查一課長2020,朝日電視台,11,20:00,2020-07-23,0.132
30059_1,警視廳・搜查一課長2020,朝日電視台,12,20:00,2020-07-30,0.124
30059_1,警視廳・搜查一課長2020,朝日電視台,13,20:00,2020-08-13,0.123
30059_1,警視廳・搜查一課長2020,朝日電視台,14,20:00,2020-08-20,0.12
30059_1,警視廳・搜查一課長2020,朝日電視台,15,20:00,2020-08-27,0.117
30059_1,警視廳・搜查一課長2020,朝日電視台,完結篇,20:00,2020-09-03,0.126
30240_1,BG終極保鑣2,朝日電視台,1,21:00,2020-06-18,0.17
30240_1,BG終極保鑣2,朝日電視台,2,21:00,2020-06-25,0.148
30240_1,BG終極保鑣2,朝日電視台,3,21:00,2020-07-02,0.144
30240_1,BG終極保鑣2,朝日電視台,4,21:00,2020-07-09,0.144
30240_1,BG終極保鑣2,朝日電視台,5,21:00,2020-07-16,0.144
30240_1,BG終極保鑣2,朝日電視台,6,21:00,2020-07-23,0.163
30240_1,BG終極保鑣2,朝日電視台,完結篇,21:00,2020-07-30,0.167
30137_1,MIU404,TBS,1,22:00,2020-06-26,0.131
30137_1,MIU404,TBS,2,22:00,2020-07-03,0.144
30137_1,MIU404,TBS,3,22:00,2020-07-10,0.106
30137_1,MIU404,TBS,4,22:00,2020-07-17,0.102
30137_1,MIU404,TBS,5,22:00,2020-07-24,0.125
30137_1,MIU404,TBS,6,22:00,2020-07-31,0.108
30137_1,MIU404,TBS,7,22:00,2020-08-07,0.124
30137_1,MIU404,TBS,8,22:00,2020-08-14,0.117
30137_1,MIU404,TBS,9,22:00,2020-08-21,0.115
30137_1,MIU404,TBS,10,22:00,2020-08-28,0.113
30137_1,MIU404,TBS,完結篇,22:00,2020-09-04,0.145
30178_1,男扮女裝家政婦4,朝日電視台,1,23:15,2020-04-24,0.093
30178_1,男扮女裝家政婦4,朝日電視台,2,23:15,2020-05-01,0.086
30178_1,男扮女裝家政婦4,朝日電視台,4,23:15,2020-06-26,0.069
30178_1,男扮女裝家政婦4,朝日電視台,5,23:15,2020-07-03,0.073
30178_1,男扮女裝家政婦4,朝日電視台,6,23:15,2020-07-10,0.067
30178_1,男扮女裝家政婦4,朝日電視台,7,23:15,2020-07-17,0.068
30178_1,男扮女裝家政婦4,朝日電視台,完結篇,23:15,2020-07-24,0.074
30160_1,未滿警察,日本電視台,1,22:00,2020-06-27,0.112
30160_1,未滿警察,日本電視台,2,22:00,2020-07-04,0.09
30160_1,未滿警察,日本電視台,3,22:00,2020-07-11,0.084
30160_1,未滿警察,日本電視台,4,22:00,2020-07-18,0.072
30160_1,未滿警察,日本電視台,5,22:00,2020-07-25,0.091
30160_1,未滿警察,日本電視台,6,22:00,2020-08-01,0.099
30160_1,未滿警察,日本電視台,7,22:00,2020-08-08,0.091
30160_1,未滿警察,日本電視台,8,22:00,2020-08-15,0.093
30160_1,未滿警察,日本電視台,9,22:00,2020-08-29,0.097
30160_1,未滿警察,日本電視台,完結篇,22:00,2020-09-05,0.11
27328_1,M-歌姬戀曲奏響時,朝日電視台,1,23:15,2020-04-18,0.056
27328_1,M-歌姬戀曲奏響時,朝日電視台,2,23:15,2020-04-25,0.054
27328_1,M-歌姬戀曲奏響時,朝日電視台,3,23:15,2020-05-02,0.044
27328_1,M-歌姬戀曲奏響時,朝日電視台,4,23:15,2020-06-13,0.045
27328_1,M-歌姬戀曲奏響時,朝日電視台,5,23:15,2020-06-20,0.032
27328_1,M-歌姬戀曲奏響時,朝日電視台,6,23:15,2020-06-27,0.028
27328_1,M-歌姬戀曲奏響時,朝日電視台,完結篇,23:15,2020-07-04,0.048
29771_1,美食偵探 明智五郎,日本電視台,1,22:30,2020-04-12,0.1
29771_1,美食偵探 明智五郎,日本電視台,2,22:30,2020-04-19,0.086
29771_1,美食偵探 明智五郎,日本電視台,3,22:30,2020-04-26,0.086
29771_1,美食偵探 明智五郎,日本電視台,4,22:30,2020-05-03,0.085
29771_1,美食偵探 明智五郎,日本電視台,5,22:30,2020-05-10,0.084
29771_1,美食偵探 明智五郎,日本電視台,6,22:30,2020-05-17,0.087
29771_1,美食偵探 明智五郎,日本電視台,7,22:30,2020-06-14,0.083
29771_1,美食偵探 明智五郎,日本電視台,8,22:30,2020-06-21,0.066
29771_1,美食偵探 明智五郎,日本電視台,完結篇,22:30,2020-06-28,0.096
29771_2,美食偵探 明智五郎,日本電視台,1,22:30,2020-05-24,0.082
29771_2,美食偵探 明智五郎,日本電視台,2,22:30,2020-05-31,0.07
29771_2,美食偵探 明智五郎,日本電視台,3,22:30,2020-06-07,0.074
3327_1,仁醫,TBS,1,14:00,2020-04-18,0.116
3327_1,仁醫,TBS,2,14:00,2020-04-19,0.111
3327_1,仁醫,TBS,3,14:00,2020-04-25,0.1
3327_1,仁醫,TBS,4,14:00,2020-04-26,0.119
3327_1,仁醫,TBS,5,14:00,2020-05-02,0.106
3327_1,仁醫,TBS,6,14:00,2020-05-03,0.113
22001_1,信用詐欺師JP,富士電視台,2,21:00,2020-05-04,0.07
6194_1,上鎖的房間,富士電視台,1,21:00,2020-05-11,0.108
6194_1,上鎖的房間,富士電視台,2,21:00,2020-05-18,0.11
6194_1,上鎖的房間,富士電視台,3,21:00,2020-05-25,0.081
6194_1,上鎖的房間,富士電視台,4,21:00,2020-06-01,0.089
6194_1,上鎖的房間,富士電視台,5,21:00,2020-06-08,0.088
6194_1,上鎖的房間,富士電視台,6,21:00,2020-06-15,0.098
6194_1,上鎖的房間,富士電視台,7,21:00,2020-06-22,0.088
6194_1,上鎖的房間,富士電視台,8,21:00,2020-06-29,0.083
12734_1,了不起的選Taxi,富士電視台,1,21:00,2020-04-14,0.057
18022_1,逃避雖可恥但有用,TBS,1,22:00,2020-05-19,0.11
18022_1,逃避雖可恥但有用,TBS,2,22:00,2020-05-26,0.1
18022_1,逃避雖可恥但有用,TBS,3,22:00,2020-06-02,0.103
18022_1,逃避雖可恥但有用,TBS,4,22:00,2020-06-09,0.11
18022_1,逃避雖可恥但有用,TBS,5,22:00,2020-06-16,0.102
18022_1,逃避雖可恥但有用,TBS,6,22:00,2020-06-23,0.117
18022_1,逃避雖可恥但有用,TBS,7,22:00,2020-06-30,0.105
18022_1,逃避雖可恥但有用,TBS,8,22:00,2020-07-04,0.065
18022_1,逃避雖可恥但有用,TBS,9-2,22:00,2020-07-04,0.065
18022_1,逃避雖可恥但有用,TBS,10,22:00,2020-07-05,0.076
18022_1,逃避雖可恥但有用,TBS,完結篇,22:00,2020-07-05,0.076
22452_1,特搜9,朝日電視台,1,21:00,2020-05-06,0.148
22452_1,特搜9,朝日電視台,2,21:00,2020-05-13,0.133
22452_1,特搜9,朝日電視台,3,21:00,2020-05-20,0.132
22452_1,特搜9,朝日電視台,4,21:00,2020-05-27,0.131
22452_1,特搜9,朝日電視台,5,21:00,2020-06-03,0.126
22452_1,特搜9,朝日電視台,6,21:00,2020-06-10,0.133
1062_1,派遣女王,日本電視台,1,22:00,2020-04-15,0.105
1062_1,派遣女王,日本電視台,2,22:00,2020-04-22,0.099
1062_1,派遣女王,日本電視台,3,22:00,2020-04-29,0.114
1062_1,派遣女王,日本電視台,4,22:00,2020-05-06,0.093
1062_1,派遣女王,日本電視台,5,22:00,2020-05-13,0.098
1062_1,派遣女王,日本電視台,6,22:00,2020-05-20,0.1
1062_1,派遣女王,日本電視台,7,22:00,2020-05-27,0.092
484_1,極道鮮師,日本電視台,1,22:00,2020-06-03,0.127
484_1,極道鮮師,日本電視台,2,22:00,2020-06-10,0.121
22503_1,警視廳・搜查一課長 season3,朝日電視台,1,20:00,2020-05-21,0.131
22503_1,警視廳・搜查一課長 season3,朝日電視台,2,20:00,2020-05-28,0.109
22503_1,警視廳・搜查一課長 season3,朝日電視台,3,20:00,2020-06-04,0.112
22503_1,警視廳・搜查一課長 season3,朝日電視台,4,20:00,2020-06-11,0.121
21610_1,BG~搏命保鑣,朝日電視台,1,21:00,2020-04-16,0.116
21610_1,BG~搏命保鑣,朝日電視台,2,21:00,2020-04-23,0.104
21610_1,BG~搏命保鑣,朝日電視台,3,21:00,2020-04-30,0.105
21610_1,BG~搏命保鑣,朝日電視台,4,21:00,2020-05-07,0.101
21610_1,BG~搏命保鑣,朝日電視台,5,21:00,2020-05-14,0.1
21610_1,BG~搏命保鑣,朝日電視台,6,21:00,2020-05-21,0.11
21610_1,BG~搏命保鑣,朝日電視台,7,21:00,2020-05-28,0.106
21610_1,BG~搏命保鑣,朝日電視台,8,21:00,2020-06-04,0.103
21610_1,BG~搏命保鑣,朝日電視台,9,21:00,2020-06-11,0.105
23162_1,Good Doctor善良醫生,富士電視台,1,22:00,2020-04-09,0.054
23162_1,Good Doctor善良醫生,富士電視台,2,22:00,2020-04-16,0.05
22539_1,愛情重跑,日本電視台,6,23:59,2020-06-18,0.032
21916_1,神探夏洛克小姐,日本電視台,**,21:00,2020-06-05,0.118
15356_1,天才婦科醫,TBS,1,22:00,2020-04-10,0.086
18241_1,男扮女裝家政婦,朝日電視台,1,23:15,2020-05-08,0.073
18241_1,男扮女裝家政婦,朝日電視台,**,23:15,2020-05-29,0.065
927_1,改造野豬妹,日本電視台,**,22:00,2020-04-11,0.11
927_1,改造野豬妹,日本電視台,**,22:00,2020-04-18,0.109
927_1,改造野豬妹,日本電視台,**,22:00,2020-04-25,0.084
927_1,改造野豬妹,日本電視台,**,22:00,2020-05-09,0.088
927_1,改造野豬妹,日本電視台,**,22:00,2020-05-16,0.082
927_1,改造野豬妹,日本電視台,**,22:00,2020-06-06,0.077
25392_1,NO SIDE GAME,TBS,1,21:00,2019-07-07,0.135
25392_1,NO SIDE GAME,TBS,2,21:00,2019-07-14,0.118
25392_1,NO SIDE GAME,TBS,3,21:00,2019-07-28,0.109
25392_1,NO SIDE GAME,TBS,4,21:00,2019-08-04,0.106
25392_1,NO SIDE GAME,TBS,5,21:00,2019-08-11,0.114
25392_1,NO SIDE GAME,TBS,6,21:00,2019-08-18,0.13
25392_1,NO SIDE GAME,TBS,7,21:00,2019-08-25,0.097
25392_1,NO SIDE GAME,TBS,8,21:00,2019-09-01,0.113
25392_1,NO SIDE GAME,TBS,9,21:00,2019-09-08,0.122
25392_1,NO SIDE GAME,TBS,完結篇,21:00,2019-09-15,0.138
25392_2,NO SIDE GAME,TBS,1,21:00,2020-04-26,0.067
16772_1,99.9不可能的翻案,TBS,1,21:00,2020-05-31,0.126
16772_1,99.9不可能的翻案,TBS,2,21:00,2020-06-07,0.112
16772_1,99.9不可能的翻案,TBS,3,21:00,2020-06-14,0.116
16772_1,99.9不可能的翻案,TBS,4,21:00,2020-06-21,0.104
16772_1,99.9不可能的翻案,TBS,完結篇,21:00,2020-06-28,0.099
8489_1,半澤直樹,TBS,1,21:00,2020-07-05,0.13
8489_1,半澤直樹,TBS,2,21:00,2020-07-12,0.148
4683_1,超能力事件簿 SPEC,TBS,**,23:56,2020-06-18,0.032
30271_1,龍之道 雙面復仇者,富士電視台,1-特,21:00,2020-07-28,0.091
30271_1,龍之道 雙面復仇者,富士電視台,2,21:00,2020-08-04,0.069
30271_1,龍之道 雙面復仇者,富士電視台,3,21:00,2020-08-11,0.072
30271_1,龍之道 雙面復仇者,富士電視台,4,21:00,2020-08-18,0.069
30271_1,龍之道 雙面復仇者,富士電視台,5,21:00,2020-08-25,0.059
30271_1,龍之道 雙面復仇者,富士電視台,6,21:00,2020-09-01,0.071
30271_1,龍之道 雙面復仇者,富士電視台,7,21:00,2020-09-08,0.054
30271_1,龍之道 雙面復仇者,富士電視台,完結篇,21:00,2020-09-15,0.076
31317_1,DIVER,富士電視台,1,21:00,2020-09-22,0.096
31317_1,DIVER,富士電視台,2,21:00,2020-09-29,0.061
31317_1,DIVER,富士電視台,3,21:00,2020-10-06,0.058
31317_1,DIVER,富士電視台,4,21:00,2020-10-13,0.066
31317_1,DIVER,富士電視台,完結篇,21:00,2020-10-20,0.067
30120_1,我的家政夫大叔,TBS,1,22:00,2020-07-07,0.142
30120_1,我的家政夫大叔,TBS,2,22:00,2020-07-14,0.128
30120_1,我的家政夫大叔,TBS,3,22:00,2020-07-21,0.127
30120_1,我的家政夫大叔,TBS,4,22:00,2020-07-28,0.124
30120_1,我的家政夫大叔,TBS,5,22:00,2020-08-04,0.144
30120_1,我的家政夫大叔,TBS,6,22:00,2020-08-11,0.16
30120_1,我的家政夫大叔,TBS,7,22:00,2020-08-18,0.166
30120_1,我的家政夫大叔,TBS,8,22:00,2020-08-25,0.167
30120_1,我的家政夫大叔,TBS,完結篇,22:00,2020-09-01,0.196
31437_1,錢的盡頭是愛情的開始,TBS,1,22:00,2020-09-15,0.116
31437_1,錢的盡頭是愛情的開始,TBS,2,22:00,2020-09-22,0.091
31437_1,錢的盡頭是愛情的開始,TBS,3,22:00,2020-09-29,0.104
31437_1,錢的盡頭是愛情的開始,TBS,完結篇,22:00,2020-10-06,0.109
31377_1,刑事7人6,朝日電視台,1,21:00,2020-08-05,0.135
31377_1,刑事7人6,朝日電視台,2,21:00,2020-08-12,0.116
31377_1,刑事7人6,朝日電視台,3,21:00,2020-08-19,0.118
31377_1,刑事7人6,朝日電視台,4,21:00,2020-08-26,0.12
31377_1,刑事7人6,朝日電視台,5,21:00,2020-09-02,0.132
31377_1,刑事7人6,朝日電視台,6,21:00,2020-09-09,0.119
31377_1,刑事7人6,朝日電視台,7,21:00,2020-09-16,0.117
31377_1,刑事7人6,朝日電視台,8,21:00,2020-09-23,0.108
31377_1,刑事7人6,朝日電視台,完結篇,21:00,2020-09-30,0.111
30561_1,我們的愛情不正常,日本電視台,1,21:00,2020-08-12,0.096
30561_1,我們的愛情不正常,日本電視台,2,21:00,2020-08-19,0.078
30561_1,我們的愛情不正常,日本電視台,3,21:00,2020-08-26,0.082
30561_1,我們的愛情不正常,日本電視台,4,21:00,2020-09-02,0.084
30561_1,我們的愛情不正常,日本電視台,5,21:00,2020-09-09,0.092
30561_1,我們的愛情不正常,日本電視台,6,21:00,2020-09-16,0.096
30561_1,我們的愛情不正常,日本電視台,7,21:00,2020-09-23,0.093
30561_1,我們的愛情不正常,日本電視台,完結篇,21:00,2020-09-30,0.096
31383_1,未解決之女Season2,朝日電視台,1-特,21:00,2020-08-06,0.131
31383_1,未解決之女Season2,朝日電視台,2,21:00,2020-08-13,0.12
31383_1,未解決之女Season2,朝日電視台,3,21:00,2020-08-20,0.129
31383_1,未解決之女Season2,朝日電視台,4,21:00,2020-08-27,0.121
31383_1,未解決之女Season2,朝日電視台,5,21:00,2020-09-03,0.126
31383_1,未解決之女Season2,朝日電視台,6,21:00,2020-09-10,0.126
31383_1,未解決之女Season2,朝日電視台,完結篇,21:00,2020-09-17,0.126
30076_1,默默奉獻的灰姑娘藥師,富士電視台,1,22:00,2020-07-16,0.102
30076_1,默默奉獻的灰姑娘藥師,富士電視台,2,22:00,2020-07-23,0.098
30076_1,默默奉獻的灰姑娘藥師,富士電視台,3,22:00,2020-07-30,0.088
30076_1,默默奉獻的灰姑娘藥師,富士電視台,4,22:00,2020-08-06,0.106
30076_1,默默奉獻的灰姑娘藥師,富士電視台,5,22:00,2020-08-13,0.094
30076_1,默默奉獻的灰姑娘藥師,富士電視台,6,22:00,2020-08-20,0.097
30076_1,默默奉獻的灰姑娘藥師,富士電視台,7,22:00,2020-08-27,0.093
30076_1,默默奉獻的灰姑娘藥師,富士電視台,8,22:00,2020-09-03,0.093
30076_1,默默奉獻的灰姑娘藥師,富士電視台,9,22:00,2020-09-10,0.096
30076_1,默默奉獻的灰姑娘藥師,富士電視台,10,22:00,2020-09-17,0.092
30076_1,默默奉獻的灰姑娘藥師,富士電視台,完結篇,22:00,2020-09-24,0.097
31197_1,危險2人-K2-,TBS,1,22:00,2020-09-11,0.112
31197_1,危險2人-K2-,TBS,2,22:00,2020-09-18,0.086
31197_1,危險2人-K2-,TBS,3,22:00,2020-09-25,0.088
31197_1,危險2人-K2-,TBS,4,22:00,2020-10-02,0.09
31197_1,危險2人-K2-,TBS,5,22:00,2020-10-09,0.082
31197_1,危險2人-K2-,TBS,完結篇,22:00,2020-10-16,0.076
31282_1,真夏少年,朝日電視台,1,23:15,2020-07-31,0.05
31149_1,妖怪Share House,朝日電視台,1,23:15,2020-08-01,0.055
26051_1,半澤直樹2,TBS,1-特,21:00,2020-07-19,0.22
26051_1,半澤直樹2,TBS,2,21:00,2020-07-26,0.221
26051_1,半澤直樹2,TBS,3,21:00,2020-08-02,0.232
26051_1,半澤直樹2,TBS,4,21:00,2020-08-09,0.229
26051_1,半澤直樹2,TBS,5,21:00,2020-08-16,0.255
26051_1,半澤直樹2,TBS,6,21:00,2020-08-23,0.243
26051_1,半澤直樹2,TBS,7,21:00,2020-08-30,0.247
26051_1,半澤直樹2,TBS,**-1,21:00,2020-09-06,0.222
26051_1,半澤直樹2,TBS,8,21:00,2020-09-13,0.256
26051_1,半澤直樹2,TBS,9,21:00,2020-09-20,0.246
26051_1,半澤直樹2,TBS,完結篇,21:00,2020-09-27,0.327
30781_1,傻親青春白書,日本電視台,1,22:30,2020-08-02,0.103
30781_1,傻親青春白書,日本電視台,2,22:30,2020-08-09,0.085
30781_1,傻親青春白書,日本電視台,3,22:30,2020-08-16,0.081
30781_1,傻親青春白書,日本電視台,4,22:30,2020-08-23,0.087
30781_1,傻親青春白書,日本電視台,5,22:30,2020-08-30,0.083
30781_1,傻親青春白書,日本電視台,6,22:30,2020-09-06,0.082
30781_1,傻親青春白書,日本電視台,完結篇,22:30,2020-09-13,0.095
180_1,大和拜金女,富士電視台,1,21:00,2020-07-06,0.097
180_1,大和拜金女,富士電視台,2,21:00,2020-07-13,0.109
31278_1,大叔喜歡可愛小玩意,日本電視台,1,23:59,2020-08-13,0.039
31278_1,大叔喜歡可愛小玩意,日本電視台,2,23:59,2020-08-20,0.038
31278_1,大叔喜歡可愛小玩意,日本電視台,3,23:59,2020-08-27,0.036
31278_1,大叔喜歡可愛小玩意,日本電視台,4,23:59,2020-09-03,0.034
31278_1,大叔喜歡可愛小玩意,日本電視台,完結篇,23:59,2020-09-10,0.038
30398_1,監察醫 朝顏2,富士電視台,1,21:00,2020-11-02,0.138
30398_1,監察醫 朝顏2,富士電視台,2,21:00,2020-11-09,0.103
30398_1,監察醫 朝顏2,富士電視台,3,21:00,2020-11-16,0.121
30398_1,監察醫 朝顏2,富士電視台,4,21:00,2020-11-23,0.124
30398_1,監察醫 朝顏2,富士電視台,5,21:00,2020-11-30,0.1
30398_1,監察醫 朝顏2,富士電視台,6,21:00,2020-12-07,0.114
30398_1,監察醫 朝顏2,富士電視台,7,21:00,2020-12-14,0.095
30398_1,監察醫 朝顏2,富士電視台,8,21:00,2020-12-21,0.101
30398_1,監察醫 朝顏2,富士電視台,9,21:00,2020-12-28,0.102
30398_1,監察醫 朝顏2,富士電視台,10,21:00,2021-01-11,0.109
31858_1,共演NG,東京電視台,1,22:00,2020-10-26,0.066
31858_1,共演NG,東京電視台,2,22:00,2020-11-02,0.041
31858_1,共演NG,東京電視台,3,22:00,2020-11-09,0.044
31858_1,共演NG,東京電視台,5,22:00,2020-11-23,0.041
31858_1,共演NG,東京電視台,完結篇,22:00,2020-11-30,0.048
31863_1,姐姐的戀人,富士電視台,1,21:00,2020-10-27,0.092
31863_1,姐姐的戀人,富士電視台,2,21:00,2020-11-03,0.062
31863_1,姐姐的戀人,富士電視台,3,21:00,2020-11-10,0.073
31863_1,姐姐的戀人,富士電視台,4,21:00,2020-11-17,0.07
31863_1,姐姐的戀人,富士電視台,5,21:00,2020-11-24,0.074
31863_1,姐姐的戀人,富士電視台,6,21:00,2020-12-01,0.073
31863_1,姐姐的戀人,富士電視台,7,21:00,2020-12-08,0.077
31863_1,姐姐的戀人,富士電視台,8,21:00,2020-12-15,0.077
31863_1,姐姐的戀人,富士電視台,完結篇,21:00,2020-12-22,0.083
31891_1,要加熱這份戀情嗎？,TBS,1,22:00,2020-10-20,0.094
31891_1,要加熱這份戀情嗎？,TBS,2,22:00,2020-10-27,0.091
31891_1,要加熱這份戀情嗎？,TBS,3,22:00,2020-11-03,0.084
31891_1,要加熱這份戀情嗎？,TBS,4,22:00,2020-11-10,0.083
31891_1,要加熱這份戀情嗎？,TBS,5,22:00,2020-11-17,0.086
31891_1,要加熱這份戀情嗎？,TBS,6,22:00,2020-11-24,0.098
31891_1,要加熱這份戀情嗎？,TBS,7,22:00,2020-12-01,0.094
31891_1,要加熱這份戀情嗎？,TBS,8,22:00,2020-12-08,0.097
31891_1,要加熱這份戀情嗎？,TBS,9,22:00,2020-12-15,0.109
31891_1,要加熱這份戀情嗎？,TBS,完結篇,22:00,2020-12-22,0.113
31801_1,相棒season19,朝日電視台,1,21:00,2020-10-14,0.179
31801_1,相棒season19,朝日電視台,2,21:00,2020-10-21,0.164
31801_1,相棒season19,朝日電視台,3,21:00,2020-10-28,0.163
31801_1,相棒season19,朝日電視台,4,21:00,2020-11-04,0.149
31801_1,相棒season19,朝日電視台,5,21:00,2020-11-11,0.138
31801_1,相棒season19,朝日電視台,6,21:00,2020-11-18,0.141
31801_1,相棒season19,朝日電視台,7,21:00,2020-11-25,0.123
31801_1,相棒season19,朝日電視台,8,21:00,2020-12-02,0.127
31801_1,相棒season19,朝日電視台,9,21:00,2020-12-09,0.139
31801_1,相棒season19,朝日電視台,10,21:00,2020-12-16,0.128
31801_1,相棒season19,朝日電視台,11-特,21:00,2021-01-01,0.161
31801_1,相棒season19,朝日電視台,12,21:00,2021-01-13,0.141
31706_1,#遠距戀愛,日本電視台,1,22:00,2020-10-14,0.087
31706_1,#遠距戀愛,日本電視台,2,22:00,2020-10-21,0.08
31706_1,#遠距戀愛,日本電視台,3,22:00,2020-10-28,0.081
31706_1,#遠距戀愛,日本電視台,4,22:00,2020-11-04,0.075
31706_1,#遠距戀愛,日本電視台,5,22:00,2020-11-11,0.081
31706_1,#遠距戀愛,日本電視台,6,22:00,2020-11-18,0.079
31706_1,#遠距戀愛,日本電視台,7,22:00,2020-12-02,0.073
31706_1,#遠距戀愛,日本電視台,8,22:00,2020-12-09,0.063
31706_1,#遠距戀愛,日本電視台,9,22:00,2020-12-16,0.078
31706_1,#遠距戀愛,日本電視台,完結篇,22:00,2020-12-23,0.085
31743_1,法醫女神探20,朝日電視台,1,20:00,2020-10-22,0.107
31743_1,法醫女神探20,朝日電視台,2,20:00,2020-10-29,0.111
31743_1,法醫女神探20,朝日電視台,3,20:00,2020-11-05,0.109
31743_1,法醫女神探20,朝日電視台,4,20:00,2020-11-12,0.12
31743_1,法醫女神探20,朝日電視台,5,20:00,2020-11-19,0.122
31743_1,法醫女神探20,朝日電視台,6,20:00,2020-11-26,0.118
31743_1,法醫女神探20,朝日電視台,7,20:00,2020-12-03,0.113
31743_1,法醫女神探20,朝日電視台,8,20:00,2020-12-10,0.098
31743_1,法醫女神探20,朝日電視台,完結篇,20:00,2020-12-17,0.12
31796_1,七人的秘書,朝日電視台,1,21:00,2020-10-22,0.138
31796_1,七人的秘書,朝日電視台,2,21:00,2020-10-29,0.137
31796_1,七人的秘書,朝日電視台,3,21:00,2020-11-05,0.134
31796_1,七人的秘書,朝日電視台,4,21:00,2020-11-12,0.148
31796_1,七人的秘書,朝日電視台,5,21:00,2020-11-19,0.152
31796_1,七人的秘書,朝日電視台,6,21:00,2020-11-26,0.146
31796_1,七人的秘書,朝日電視台,7,21:00,2020-12-03,0.139
31796_1,七人的秘書,朝日電視台,完結篇,21:00,2020-12-10,0.167
31119_1,魯邦的女兒2,富士電視台,1,22:00,2020-10-15,0.075
31119_1,魯邦的女兒2,富士電視台,2,22:00,2020-10-22,0.06
31119_1,魯邦的女兒2,富士電視台,3,22:00,2020-10-29,0.06
31119_1,魯邦的女兒2,富士電視台,4,22:00,2020-11-05,0.049
31119_1,魯邦的女兒2,富士電視台,5,22:00,2020-11-12,0.054
31119_1,魯邦的女兒2,富士電視台,6,22:00,2020-11-19,0.05
31119_1,魯邦的女兒2,富士電視台,7,22:00,2020-11-26,0.06
31119_1,魯邦的女兒2,富士電視台,8,22:00,2020-12-03,0.053
31119_1,魯邦的女兒2,富士電視台,完結篇,22:00,2020-12-10,0.048
31482_1,戀愛的母親們,TBS,1,22:00,2020-10-23,0.105
31482_1,戀愛的母親們,TBS,2,22:00,2020-10-30,0.074
31482_1,戀愛的母親們,TBS,3,22:00,2020-11-06,0.078
31482_1,戀愛的母親們,TBS,4,22:00,2020-11-13,0.078
31482_1,戀愛的母親們,TBS,5,22:00,2020-11-20,0.082
31482_1,戀愛的母親們,TBS,6,22:00,2020-11-27,0.085
31482_1,戀愛的母親們,TBS,7,22:00,2020-12-04,0.077
31482_1,戀愛的母親們,TBS,8,22:00,2020-12-11,0.088
31482_1,戀愛的母親們,TBS,完結篇,22:00,2020-12-18,0.103
25101_1,24小時日本,朝日電視台,1,23:15,2020-10-09,0.077
25101_1,24小時日本,朝日電視台,2,23:15,2020-10-16,0.053
25101_1,24小時日本,朝日電視台,3,23:15,2020-10-23,0.045
25101_1,24小時日本,朝日電視台,5,23:15,2020-11-06,0.046
25101_1,24小時日本,朝日電視台,11,23:15,2020-12-18,0.052
25101_1,24小時日本,朝日電視台,12,23:15,2020-12-25,0.052
31416_1,35歲的少女,日本電視台,1,22:00,2020-10-10,0.111
31416_1,35歲的少女,日本電視台,2,22:00,2020-10-17,0.096
31416_1,35歲的少女,日本電視台,3,22:00,2020-10-24,0.1
31416_1,35歲的少女,日本電視台,4,22:00,2020-10-31,0.091
31416_1,35歲的少女,日本電視台,5,22:00,2020-11-07,0.094
31416_1,35歲的少女,日本電視台,6,22:00,2020-11-14,0.076
31416_1,35歲的少女,日本電視台,7,22:00,2020-11-21,0.077
31416_1,35歲的少女,日本電視台,8,22:00,2020-11-28,0.093
31416_1,35歲的少女,日本電視台,9,22:00,2020-12-05,0.072
31416_1,35歲的少女,日本電視台,完結篇,22:00,2020-12-12,0.097
31909_1,消除老師的方程式。,朝日電視台,1,23:00,2020-10-31,0.039
31909_1,消除老師的方程式。,朝日電視台,2,23:00,2020-11-07,0.029
31103_1,危險維納斯,TBS,1,21:00,2020-10-11,0.141
31103_1,危險維納斯,TBS,2,21:00,2020-10-18,0.125
31103_1,危險維納斯,TBS,3,21:00,2020-10-25,0.117
31103_1,危險維納斯,TBS,4,21:00,2020-11-01,0.11
31103_1,危險維納斯,TBS,5,21:00,2020-11-08,0.109
31103_1,危險維納斯,TBS,6,21:00,2020-11-15,0.112
31103_1,危險維納斯,TBS,7,21:00,2020-11-22,0.109
31103_1,危險維納斯,TBS,8,21:00,2020-11-29,0.109
31103_1,危險維納斯,TBS,9,21:00,2020-12-06,0.087
31103_1,危險維納斯,TBS,完結篇,21:00,2020-12-13,0.127
31384_1,極道主夫,日本電視台,1,22:30,2020-10-11,0.118
31384_1,極道主夫,日本電視台,2,22:30,2020-10-18,0.101
31384_1,極道主夫,日本電視台,3,22:30,2020-10-25,0.092
31384_1,極道主夫,日本電視台,4,22:30,2020-11-01,0.098
31384_1,極道主夫,日本電視台,5,22:30,2020-11-08,0.096
31384_1,極道主夫,日本電視台,6,22:30,2020-11-15,0.086
31384_1,極道主夫,日本電視台,7,22:30,2020-11-22,0.074
31384_1,極道主夫,日本電視台,8,22:30,2020-11-29,0.083
31384_1,極道主夫,日本電視台,9,22:30,2020-12-06,0.077
31384_1,極道主夫,日本電視台,完結篇,22:30,2020-12-13,0.097
28853_1,小女侍,NHK綜合台,1,08:00,2020-11-30,0.188
28853_1,小女侍,NHK綜合台,2,08:00,2020-12-01,0.172
28853_1,小女侍,NHK綜合台,3,08:00,2020-12-02,0.177
28853_1,小女侍,NHK綜合台,4,08:00,2020-12-03,0.174
28853_1,小女侍,NHK綜合台,5,08:00,2020-12-04,0.177
28853_1,小女侍,NHK綜合台,6,08:00,2020-12-07,0.179
28853_1,小女侍,NHK綜合台,7,08:00,2020-12-08,0.183
28853_1,小女侍,NHK綜合台,8,08:00,2020-12-09,0.185
28853_1,小女侍,NHK綜合台,9,08:00,2020-12-10,0.18
28853_1,小女侍,NHK綜合台,10,08:00,2020-12-11,0.185
28853_1,小女侍,NHK綜合台,11,08:00,2020-12-14,0.184
28853_1,小女侍,NHK綜合台,12,08:00,2020-12-15,0.182
28853_1,小女侍,NHK綜合台,13,08:00,2020-12-16,0.179
28853_1,小女侍,NHK綜合台,14,08:00,2020-12-17,0.187
28853_1,小女侍,NHK綜合台,15,08:00,2020-12-18,0.178
28853_1,小女侍,NHK綜合台,16,08:00,2020-12-21,0.178
28853_1,小女侍,NHK綜合台,17,08:00,2020-12-22,0.175
28853_1,小女侍,NHK綜合台,18,08:00,2020-12-23,0.185
28853_1,小女侍,NHK綜合台,19,08:00,2020-12-24,0.178
28853_1,小女侍,NHK綜合台,20,08:00,2020-12-25,0.186
28853_1,小女侍,NHK綜合台,**,08:00,2020-12-28,0.172
28853_1,小女侍,NHK綜合台,21,08:00,2021-01-04,0.171
28853_1,小女侍,NHK綜合台,22,08:00,2021-01-05,0.176
28853_1,小女侍,NHK綜合台,23,08:00,2021-01-06,0.176
28853_1,小女侍,NHK綜合台,24,08:00,2021-01-07,0.176
28853_1,小女侍,NHK綜合台,25,08:00,2021-01-08,0.177
28853_1,小女侍,NHK綜合台,26,08:00,2021-01-11,0.169
28853_1,小女侍,NHK綜合台,27,08:00,2021-01-12,0.181
28853_1,小女侍,NHK綜合台,28,08:00,2021-01-13,0.177
31887_1,櫻的親子丼3,富士電視台,1,23:40,2020-10-17,0.053
